seq,node,lat,lon
0,1199382888,36.5555752,140.6249312
1,1199382806,36.55551,140.6254289
2,1197879790,36.5553571,140.6256079
3,1197880323,36.5558417,140.6262615
4,1197880157,36.5553957,140.6267625
5,11716979633,36.5561103,140.6277518
6,1197850577,36.5561915,140.6278641
7,11716979631,36.5562718,140.627976
8,1199382514,36.5569471,140.6289162
9,11716979611,36.5570667,140.6290763
10,11716979619,36.5571945,140.6292475
11,1199382856,36.5574404,140.6295767
12,1197880247,36.558168,140.6305687
13,1199383042,36.5586223,140.6311825
14,1199382566,36.5589661,140.6316643
15,1199382770,36.5594895,140.6323828
16,1199382592,36.5597095,140.6326799
17,1197879839,36.5600247,140.6331027
18,1199382987,36.5604634,140.6337164
19,1223175380,36.5609027,140.6343184
20,1199382709,36.5609898,140.6344395
21,5745506654,36.5612798,140.6348335
22,1223175332,36.5613327,140.6349036
23,1223175337,36.5616619,140.6353694
24,1197850566,36.5620556,140.6358958
25,1197850539,36.562672,140.6365445
26,10805829266,36.563061,140.6365998
27,5321479407,36.5636475,140.6364992
28,5938940674,36.5640905,140.6364173
29,5321479439,36.5641103,140.6364136
30,5321479437,36.5649912,140.6371717
31,5321479436,36.5651943,140.6370218
32,5321479435,36.5653546,140.6373678
33,5745448274,36.5656747,140.6378359
34,1197880302,36.5660273,140.6383001
35,11716978630,36.5660291,140.6383759
36,11942525411,36.5665608,140.6383118
37,11942525409,36.5671958,140.6382443
38,5323522086,36.5671985,140.6383153
39,1197850725,36.5680582,140.6382422
40,1197879736,36.5681464,140.6394672
41,11942525379,36.5681753,140.639465
42,11942525385,36.5685176,140.6407378
43,11942525387,36.568862,140.6410704
44,1197880169,36.5688419,140.6411198
45,1197959861,36.569746,140.6419337
46,1197959711,36.5705109,140.6423822
47,5745351935,36.5710062,140.6426851
48,3271909614,36.5718085,140.643684
49,3271909609,36.5725585,140.6441574
